"name","n","pct"
"morena",135,0.45
"pan",63,0.21
"pri",63,0.21
"mc",17,0.056666666666666664
"pvem",12,0.04
"prd",7,0.023333333333333334
"pt",3,0.01
