"name","n","pct"
"juntos hacemos historia",149,0.49666666666666665
"va por mexico",137,0.45666666666666667
"mc",14,0.04666666666666667
